doctor,date,timeSlot,maxPersons,bookedPersons
671a9c3d7b0fcf129fc10ffd,2024-11-25T00:00:00.000+00:00,09:00 AM - 10:00 AM,25,5
671a9c3d7b0fcf129fc10ffe,2024-11-25T00:00:00.000+00:00,09:00 AM - 10:00 AM,25,5
671a9c3d7b0fcf129fc10fff,2024-11-25T00:00:00.000+00:00,09:00 AM - 10:00 AM,25,5
671a9c3d7b0fcf129fc11000,2024-11-25T00:00:00.000+00:00,09:00 AM - 10:00 AM,25,5
671a9c3d7b0fcf129fc11001,2024-11-25T00:00:00.000+00:00,09:00 AM - 10:00 AM,25,5
671a9c3d7b0fcf129fc11002,2024-11-25T00:00:00.000+00:00,09:00 AM - 10:00 AM,25,5
671a9c3d7b0fcf129fc11003,2024-11-25T00:00:00.000+00:00,09:00 AM - 10:00 AM,25,5
671a9c3d7b0fcf129fc11004,2024-11-25T00:00:00.000+00:00,09:00 AM - 10:00 AM,25,5
671a9c3d7b0fcf129fc11005,2024-11-25T00:00:00.000+00:00,09:00 AM - 10:00 AM,25,5
671a9c3d7b0fcf129fc11006,2024-11-25T00:00:00.000+00:00,09:00 AM - 10:00 AM,25,5
671a9c3d7b0fcf129fc11007,2024-11-25T00:00:00.000+00:00,09:00 AM - 10:00 AM,25,5
671a9c3d7b0fcf129fc11008,2024-11-25T00:00:00.000+00:00,09:00 AM - 10:00 AM,25,5
671a9c3d7b0fcf129fc11009,2024-11-25T00:00:00.000+00:00,09:00 AM - 10:00 AM,25,5
671a9c3d7b0fcf129fc1100a,2024-11-25T00:00:00.000+00:00,09:00 AM - 10:00 AM,25,5
671a9c3d7b0fcf129fc1100b,2024-11-25T00:00:00.000+00:00,09:00 AM - 10:00 AM,25,5
671a9c3d7b0fcf129fc1100c,2024-11-25T00:00:00.000+00:00,09:00 AM - 10:00 AM,25,5
671a9c3d7b0fcf129fc1100d,2024-11-25T00:00:00.000+00:00,09:00 AM - 10:00 AM,25,5
671a9c3d7b0fcf129fc1100e,2024-11-25T00:00:00.000+00:00,09:00 AM - 10:00 AM,25,5
671a9c3d7b0fcf129fc1100f,2024-11-25T00:00:00.000+00:00,09:00 AM - 10:00 AM,25,5
671a9c3d7b0fcf129fc11010,2024-11-25T00:00:00.000+00:00,09:00 AM - 10:00 AM,25,5
671a9c3d7b0fcf129fc11011,2024-11-25T00:00:00.000+00:00,09:00 AM - 10:00 AM,25,5
671a9c3d7b0fcf129fc11012,2024-11-25T00:00:00.000+00:00,09:00 AM - 10:00 AM,25,5
671a9c3d7b0fcf129fc11013,2024-11-25T00:00:00.000+00:00,09:00 AM - 10:00 AM,25,5
671a9c3d7b0fcf129fc11014,2024-11-25T00:00:00.000+00:00,09:00 AM - 10:00 AM,25,5
671a9c3d7b0fcf129fc11015,2024-11-25T00:00:00.000+00:00,09:00 AM - 10:00 AM,25,5
671a9c3d7b0fcf129fc11016,2024-11-25T00:00:00.000+00:00,09:00 AM - 10:00 AM,25,5
671a9c3d7b0fcf129fc11017,2024-11-25T00:00:00.000+00:00,09:00 AM - 10:00 AM,25,5
671a9c3d7b0fcf129fc11018,2024-11-25T00:00:00.000+00:00,09:00 AM - 10:00 AM,25,5
671a9c3d7b0fcf129fc11019,2024-11-25T00:00:00.000+00:00,09:00 AM - 10:00 AM,25,5
671a9c3d7b0fcf129fc1101a,2024-11-25T00:00:00.000+00:00,09:00 AM - 10:00 AM,25,5
671a9c3d7b0fcf129fc1101b,2024-11-25T00:00:00.000+00:00,09:00 AM - 10:00 AM,25,5
671a9c3d7b0fcf129fc1101c,2024-11-25T00:00:00.000+00:00,09:00 AM - 10:00 AM,25,5
671a9c3d7b0fcf129fc1101d,2024-11-25T00:00:00.000+00:00,09:00 AM - 10:00 AM,25,5
671a9c3d7b0fcf129fc1101e,2024-11-25T00:00:00.000+00:00,09:00 AM - 10:00 AM,25,5
671a9c3d7b0fcf129fc1101f,2024-11-25T00:00:00.000+00:00,09:00 AM - 10:00 AM,25,5
671a9c3d7b0fcf129fc11020,2024-11-25T00:00:00.000+00:00,09:00 AM - 10:00 AM,25,5
671a9c3d7b0fcf129fc11021,2024-11-25T00:00:00.000+00:00,09:00 AM - 10:00 AM,25,5
671a9c3d7b0fcf129fc11022,2024-11-25T00:00:00.000+00:00,09:00 AM - 10:00 AM,25,5
671a9c3d7b0fcf129fc11023,2024-11-25T00:00:00.000+00:00,09:00 AM - 10:00 AM,25,5
671a9c3d7b0fcf129fc11024,2024-11-25T00:00:00.000+00:00,09:00 AM - 10:00 AM,25,5
671a9c3d7b0fcf129fc11025,2024-11-25T00:00:00.000+00:00,09:00 AM - 10:00 AM,25,5
671a9c3d7b0fcf129fc11026,2024-11-25T00:00:00.000+00:00,09:00 AM - 10:00 AM,25,5
671a9c3d7b0fcf129fc11027,2024-11-25T00:00:00.000+00:00,09:00 AM - 10:00 AM,25,5
671a9c3d7b0fcf129fc11028,2024-11-25T00:00:00.000+00:00,09:00 AM - 10:00 AM,25,5
671a9c3d7b0fcf129fc11029,2024-11-25T00:00:00.000+00:00,09:00 AM - 10:00 AM,25,5
671a9c3d7b0fcf129fc1102a,2024-11-25T00:00:00.000+00:00,09:00 AM - 10:00 AM,25,5
671a9c3d7b0fcf129fc1102b,2024-11-25T00:00:00.000+00:00,09:00 AM - 10:00 AM,25,5
671a9c3d7b0fcf129fc1102c,2024-11-25T00:00:00.000+00:00,09:00 AM - 10:00 AM,25,5
671a9c3d7b0fcf129fc1102d,2024-11-25T00:00:00.000+00:00,09:00 AM - 10:00 AM,25,5
671a9c3d7b0fcf129fc1102e,2024-11-25T00:00:00.000+00:00,09:00 AM - 10:00 AM,25,5
671a9c3d7b0fcf129fc1102f,2024-11-25T00:00:00.000+00:00,09:00 AM - 10:00 AM,25,5
671a9c3d7b0fcf129fc11030,2024-11-25T00:00:00.000+00:00,09:00 AM - 10:00 AM,25,5
671a9c3d7b0fcf129fc11031,2024-11-25T00:00:00.000+00:00,09:00 AM - 10:00 AM,25,5
671a9c3d7b0fcf129fc11032,2024-11-25T00:00:00.000+00:00,09:00 AM - 10:00 AM,25,5
671a9c3d7b0fcf129fc11033,2024-11-25T00:00:00.000+00:00,09:00 AM - 10:00 AM,25,5
671a9c3d7b0fcf129fc11034,2024-11-25T00:00:00.000+00:00,09:00 AM - 10:00 AM,25,5
671a9c3d7b0fcf129fc11035,2024-11-25T00:00:00.000+00:00,09:00 AM - 10:00 AM,25,5
671a9c3d7b0fcf129fc11036,2024-11-25T00:00:00.000+00:00,09:00 AM - 10:00 AM,25,5
671a9c3d7b0fcf129fc11037,2024-11-25T00:00:00.000+00:00,09:00 AM - 10:00 AM,25,5
671a9c3d7b0fcf129fc11038,2024-11-25T00:00:00.000+00:00,09:00 AM - 10:00 AM,25,5
671a9c3d7b0fcf129fc11039,2024-11-25T00:00:00.000+00:00,09:00 AM - 10:00 AM,25,5
671a9c3d7b0fcf129fc1103a,2024-11-25T00:00:00.000+00:00,09:00 AM - 10:00 AM,25,5
671a9c3d7b0fcf129fc1103b,2024-11-25T00:00:00.000+00:00,09:00 AM - 10:00 AM,25,5
671a9c3d7b0fcf129fc1103c,2024-11-25T00:00:00.000+00:00,09:00 AM - 10:00 AM,25,5
671a9c3d7b0fcf129fc1103d,2024-11-25T00:00:00.000+00:00,09:00 AM - 10:00 AM,25,5
671a9c3d7b0fcf129fc1103e,2024-11-25T00:00:00.000+00:00,09:00 AM - 10:00 AM,25,5
671a9c3d7b0fcf129fc1103f,2024-11-25T00:00:00.000+00:00,09:00 AM - 10:00 AM,25,5
671a9c3d7b0fcf129fc11040,2024-11-25T00:00:00.000+00:00,09:00 AM - 10:00 AM,25,5
671a9c3d7b0fcf129fc11041,2024-11-25T00:00:00.000+00:00,09:00 AM - 10:00 AM,25,5
671a9c3d7b0fcf129fc11042,2024-11-25T00:00:00.000+00:00,09:00 AM - 10:00 AM,25,5
671a9c3d7b0fcf129fc11043,2024-11-25T00:00:00.000+00:00,09:00 AM - 10:00 AM,25,5
671a9c3d7b0fcf129fc11044,2024-11-25T00:00:00.000+00:00,09:00 AM - 10:00 AM,25,5
671a9c3d7b0fcf129fc11045,2024-11-25T00:00:00.000+00:00,09:00 AM - 10:00 AM,25,5
671a9c3d7b0fcf129fc11046,2024-11-25T00:00:00.000+00:00,09:00 AM - 10:00 AM,25,5
671a9c3d7b0fcf129fc11047,2024-11-25T00:00:00.000+00:00,09:00 AM - 10:00 AM,25,5
671a9c3d7b0fcf129fc11048,2024-11-25T00:00:00.000+00:00,09:00 AM - 10:00 AM,25,5
671a9c3d7b0fcf129fc11049,2024-11-25T00:00:00.000+00:00,09:00 AM - 10:00 AM,25,5
671a9c3d7b0fcf129fc1104a,2024-11-25T00:00:00.000+00:00,09:00 AM - 10:00 AM,25,5
671a9c3d7b0fcf129fc1104b,2024-11-25T00:00:00.000+00:00,09:00 AM - 10:00 AM,25,5
671a9c3d7b0fcf129fc1104c,2024-11-25T00:00:00.000+00:00,09:00 AM - 10:00 AM,25,5
671a9c3d7b0fcf129fc1104d,2024-11-25T00:00:00.000+00:00,09:00 AM - 10:00 AM,25,5
671a9c3d7b0fcf129fc1104e,2024-11-25T00:00:00.000+00:00,09:00 AM - 10:00 AM,25,5
671a9c3d7b0fcf129fc1104f,2024-11-25T00:00:00.000+00:00,09:00 AM - 10:00 AM,25,5
671a9c3d7b0fcf129fc11050,2024-11-25T00:00:00.000+00:00,09:00 AM - 10:00 AM,25,5
671a9c3d7b0fcf129fc11051,2024-11-25T00:00:00.000+00:00,09:00 AM - 10:00 AM,25,5
671a9c3d7b0fcf129fc11052,2024-11-25T00:00:00.000+00:00,09:00 AM - 10:00 AM,25,5
671a9c3d7b0fcf129fc11053,2024-11-25T00:00:00.000+00:00,09:00 AM - 10:00 AM,25,5
671a9c3d7b0fcf129fc11054,2024-11-25T00:00:00.000+00:00,09:00 AM - 10:00 AM,25,5
671a9c3d7b0fcf129fc11055,2024-11-25T00:00:00.000+00:00,09:00 AM - 10:00 AM,25,5
671a9c3d7b0fcf129fc11056,2024-11-25T00:00:00.000+00:00,09:00 AM - 10:00 AM,25,5
671a9c3d7b0fcf129fc11057,2024-11-25T00:00:00.000+00:00,09:00 AM - 10:00 AM,25,5
671a9c3d7b0fcf129fc11058,2024-11-25T00:00:00.000+00:00,09:00 AM - 10:00 AM,25,5
671a9c3d7b0fcf129fc11059,2024-11-25T00:00:00.000+00:00,09:00 AM - 10:00 AM,25,5
671a9c3d7b0fcf129fc1105a,2024-11-25T00:00:00.000+00:00,09:00 AM - 10:00 AM,25,5
671a9c3d7b0fcf129fc1105b,2024-11-25T00:00:00.000+00:00,09:00 AM - 10:00 AM,25,5
671a9c3d7b0fcf129fc1105c,2024-11-25T00:00:00.000+00:00,09:00 AM - 10:00 AM,25,5
671a9c3d7b0fcf129fc1105d,2024-11-25T00:00:00.000+00:00,09:00 AM - 10:00 AM,25,5
671a9c3d7b0fcf129fc1105e,2024-11-25T00:00:00.000+00:00,09:00 AM - 10:00 AM,25,5
671a9c3d7b0fcf129fc1105f,2024-11-25T00:00:00.000+00:00,09:00 AM - 10:00 AM,25,5
671a9c3d7b0fcf129fc11060,2024-11-25T00:00:00.000+00:00,09:00 AM - 10:00 AM,25,5
671a9c3d7b0fcf129fc10ffd,2024-11-25T00:00:00.000+00:00,11:00 AM - 1:00 PM,25,5
671a9c3d7b0fcf129fc10ffe,2024-11-25T00:00:00.000+00:00,11:00 AM - 1:00 PM,25,5
671a9c3d7b0fcf129fc10fff,2024-11-25T00:00:00.000+00:00,11:00 AM - 1:00 PM,25,5
671a9c3d7b0fcf129fc11000,2024-11-25T00:00:00.000+00:00,11:00 AM - 1:00 PM,25,5
671a9c3d7b0fcf129fc11001,2024-11-25T00:00:00.000+00:00,11:00 AM - 1:00 PM,25,5
671a9c3d7b0fcf129fc11002,2024-11-25T00:00:00.000+00:00,11:00 AM - 1:00 PM,25,5
671a9c3d7b0fcf129fc11003,2024-11-25T00:00:00.000+00:00,11:00 AM - 1:00 PM,25,5
671a9c3d7b0fcf129fc11004,2024-11-25T00:00:00.000+00:00,11:00 AM - 1:00 PM,25,5
671a9c3d7b0fcf129fc11005,2024-11-25T00:00:00.000+00:00,11:00 AM - 1:00 PM,25,5
671a9c3d7b0fcf129fc11006,2024-11-25T00:00:00.000+00:00,11:00 AM - 1:00 PM,25,5
671a9c3d7b0fcf129fc11007,2024-11-25T00:00:00.000+00:00,11:00 AM - 1:00 PM,25,5
671a9c3d7b0fcf129fc11008,2024-11-25T00:00:00.000+00:00,11:00 AM - 1:00 PM,25,5
671a9c3d7b0fcf129fc11009,2024-11-25T00:00:00.000+00:00,11:00 AM - 1:00 PM,25,5
671a9c3d7b0fcf129fc1100a,2024-11-25T00:00:00.000+00:00,11:00 AM - 1:00 PM,25,5
671a9c3d7b0fcf129fc1100b,2024-11-25T00:00:00.000+00:00,11:00 AM - 1:00 PM,25,5
671a9c3d7b0fcf129fc1100c,2024-11-25T00:00:00.000+00:00,11:00 AM - 1:00 PM,25,5
671a9c3d7b0fcf129fc1100d,2024-11-25T00:00:00.000+00:00,11:00 AM - 1:00 PM,25,5
671a9c3d7b0fcf129fc1100e,2024-11-25T00:00:00.000+00:00,11:00 AM - 1:00 PM,25,5
671a9c3d7b0fcf129fc1100f,2024-11-25T00:00:00.000+00:00,11:00 AM - 1:00 PM,25,5
671a9c3d7b0fcf129fc11010,2024-11-25T00:00:00.000+00:00,11:00 AM - 1:00 PM,25,5
671a9c3d7b0fcf129fc11011,2024-11-25T00:00:00.000+00:00,11:00 AM - 1:00 PM,25,5
671a9c3d7b0fcf129fc11012,2024-11-25T00:00:00.000+00:00,11:00 AM - 1:00 PM,25,5
671a9c3d7b0fcf129fc11013,2024-11-25T00:00:00.000+00:00,11:00 AM - 1:00 PM,25,5
671a9c3d7b0fcf129fc11014,2024-11-25T00:00:00.000+00:00,11:00 AM - 1:00 PM,25,5
671a9c3d7b0fcf129fc11015,2024-11-25T00:00:00.000+00:00,11:00 AM - 1:00 PM,25,5
671a9c3d7b0fcf129fc11016,2024-11-25T00:00:00.000+00:00,11:00 AM - 1:00 PM,25,5
671a9c3d7b0fcf129fc11017,2024-11-25T00:00:00.000+00:00,11:00 AM - 1:00 PM,25,5
671a9c3d7b0fcf129fc11018,2024-11-25T00:00:00.000+00:00,11:00 AM - 1:00 PM,25,5
671a9c3d7b0fcf129fc11019,2024-11-25T00:00:00.000+00:00,11:00 AM - 1:00 PM,25,5
671a9c3d7b0fcf129fc1101a,2024-11-25T00:00:00.000+00:00,11:00 AM - 1:00 PM,25,5
671a9c3d7b0fcf129fc1101b,2024-11-25T00:00:00.000+00:00,11:00 AM - 1:00 PM,25,5
671a9c3d7b0fcf129fc1101c,2024-11-25T00:00:00.000+00:00,11:00 AM - 1:00 PM,25,5
671a9c3d7b0fcf129fc1101d,2024-11-25T00:00:00.000+00:00,11:00 AM - 1:00 PM,25,5
671a9c3d7b0fcf129fc1101e,2024-11-25T00:00:00.000+00:00,11:00 AM - 1:00 PM,25,5
671a9c3d7b0fcf129fc1101f,2024-11-25T00:00:00.000+00:00,11:00 AM - 1:00 PM,25,5
671a9c3d7b0fcf129fc11020,2024-11-25T00:00:00.000+00:00,11:00 AM - 1:00 PM,25,5
671a9c3d7b0fcf129fc11021,2024-11-25T00:00:00.000+00:00,11:00 AM - 1:00 PM,25,5
671a9c3d7b0fcf129fc11022,2024-11-25T00:00:00.000+00:00,11:00 AM - 1:00 PM,25,5
671a9c3d7b0fcf129fc11023,2024-11-25T00:00:00.000+00:00,11:00 AM - 1:00 PM,25,5
671a9c3d7b0fcf129fc11024,2024-11-25T00:00:00.000+00:00,11:00 AM - 1:00 PM,25,5
671a9c3d7b0fcf129fc11025,2024-11-25T00:00:00.000+00:00,11:00 AM - 1:00 PM,25,5
671a9c3d7b0fcf129fc11026,2024-11-25T00:00:00.000+00:00,11:00 AM - 1:00 PM,25,5
671a9c3d7b0fcf129fc11027,2024-11-25T00:00:00.000+00:00,11:00 AM - 1:00 PM,25,5
671a9c3d7b0fcf129fc11028,2024-11-25T00:00:00.000+00:00,11:00 AM - 1:00 PM,25,5
671a9c3d7b0fcf129fc11029,2024-11-25T00:00:00.000+00:00,11:00 AM - 1:00 PM,25,5
671a9c3d7b0fcf129fc1102a,2024-11-25T00:00:00.000+00:00,11:00 AM - 1:00 PM,25,5
671a9c3d7b0fcf129fc1102b,2024-11-25T00:00:00.000+00:00,11:00 AM - 1:00 PM,25,5
671a9c3d7b0fcf129fc1102c,2024-11-25T00:00:00.000+00:00,11:00 AM - 1:00 PM,25,5
671a9c3d7b0fcf129fc1102d,2024-11-25T00:00:00.000+00:00,11:00 AM - 1:00 PM,25,5
671a9c3d7b0fcf129fc1102e,2024-11-25T00:00:00.000+00:00,11:00 AM - 1:00 PM,25,5
671a9c3d7b0fcf129fc1102f,2024-11-25T00:00:00.000+00:00,11:00 AM - 1:00 PM,25,5
671a9c3d7b0fcf129fc11030,2024-11-25T00:00:00.000+00:00,11:00 AM - 1:00 PM,25,5
671a9c3d7b0fcf129fc11031,2024-11-25T00:00:00.000+00:00,11:00 AM - 1:00 PM,25,5
671a9c3d7b0fcf129fc11032,2024-11-25T00:00:00.000+00:00,11:00 AM - 1:00 PM,25,5
671a9c3d7b0fcf129fc11033,2024-11-25T00:00:00.000+00:00,11:00 AM - 1:00 PM,25,5
671a9c3d7b0fcf129fc11034,2024-11-25T00:00:00.000+00:00,11:00 AM - 1:00 PM,25,5
671a9c3d7b0fcf129fc11035,2024-11-25T00:00:00.000+00:00,11:00 AM - 1:00 PM,25,5
671a9c3d7b0fcf129fc11036,2024-11-25T00:00:00.000+00:00,11:00 AM - 1:00 PM,25,5
671a9c3d7b0fcf129fc11037,2024-11-25T00:00:00.000+00:00,11:00 AM - 1:00 PM,25,5
671a9c3d7b0fcf129fc11038,2024-11-25T00:00:00.000+00:00,11:00 AM - 1:00 PM,25,5
671a9c3d7b0fcf129fc11039,2024-11-25T00:00:00.000+00:00,11:00 AM - 1:00 PM,25,5
671a9c3d7b0fcf129fc1103a,2024-11-25T00:00:00.000+00:00,11:00 AM - 1:00 PM,25,5
671a9c3d7b0fcf129fc1103b,2024-11-25T00:00:00.000+00:00,11:00 AM - 1:00 PM,25,5
671a9c3d7b0fcf129fc1103c,2024-11-25T00:00:00.000+00:00,11:00 AM - 1:00 PM,25,5
671a9c3d7b0fcf129fc1103d,2024-11-25T00:00:00.000+00:00,11:00 AM - 1:00 PM,25,5
671a9c3d7b0fcf129fc1103e,2024-11-25T00:00:00.000+00:00,11:00 AM - 1:00 PM,25,5
671a9c3d7b0fcf129fc1103f,2024-11-25T00:00:00.000+00:00,11:00 AM - 1:00 PM,25,5
671a9c3d7b0fcf129fc11040,2024-11-25T00:00:00.000+00:00,11:00 AM - 1:00 PM,25,5
671a9c3d7b0fcf129fc11041,2024-11-25T00:00:00.000+00:00,11:00 AM - 1:00 PM,25,5
671a9c3d7b0fcf129fc11042,2024-11-25T00:00:00.000+00:00,11:00 AM - 1:00 PM,25,5
671a9c3d7b0fcf129fc11043,2024-11-25T00:00:00.000+00:00,11:00 AM - 1:00 PM,25,5
671a9c3d7b0fcf129fc11044,2024-11-25T00:00:00.000+00:00,11:00 AM - 1:00 PM,25,5
671a9c3d7b0fcf129fc11045,2024-11-25T00:00:00.000+00:00,11:00 AM - 1:00 PM,25,5
671a9c3d7b0fcf129fc11046,2024-11-25T00:00:00.000+00:00,11:00 AM - 1:00 PM,25,5
671a9c3d7b0fcf129fc11047,2024-11-25T00:00:00.000+00:00,11:00 AM - 1:00 PM,25,5
671a9c3d7b0fcf129fc11048,2024-11-25T00:00:00.000+00:00,11:00 AM - 1:00 PM,25,5
671a9c3d7b0fcf129fc11049,2024-11-25T00:00:00.000+00:00,11:00 AM - 1:00 PM,25,5
671a9c3d7b0fcf129fc1104a,2024-11-25T00:00:00.000+00:00,11:00 AM - 1:00 PM,25,5
671a9c3d7b0fcf129fc1104b,2024-11-25T00:00:00.000+00:00,11:00 AM - 1:00 PM,25,5
671a9c3d7b0fcf129fc1104c,2024-11-25T00:00:00.000+00:00,11:00 AM - 1:00 PM,25,5
671a9c3d7b0fcf129fc1104d,2024-11-25T00:00:00.000+00:00,11:00 AM - 1:00 PM,25,5
671a9c3d7b0fcf129fc1104e,2024-11-25T00:00:00.000+00:00,11:00 AM - 1:00 PM,25,5
671a9c3d7b0fcf129fc1104f,2024-11-25T00:00:00.000+00:00,11:00 AM - 1:00 PM,25,5
671a9c3d7b0fcf129fc11050,2024-11-25T00:00:00.000+00:00,11:00 AM - 1:00 PM,25,5
671a9c3d7b0fcf129fc11051,2024-11-25T00:00:00.000+00:00,11:00 AM - 1:00 PM,25,5
671a9c3d7b0fcf129fc11052,2024-11-25T00:00:00.000+00:00,11:00 AM - 1:00 PM,25,5
671a9c3d7b0fcf129fc11053,2024-11-25T00:00:00.000+00:00,11:00 AM - 1:00 PM,25,5
671a9c3d7b0fcf129fc11054,2024-11-25T00:00:00.000+00:00,11:00 AM - 1:00 PM,25,5
671a9c3d7b0fcf129fc11055,2024-11-25T00:00:00.000+00:00,11:00 AM - 1:00 PM,25,5
671a9c3d7b0fcf129fc11056,2024-11-25T00:00:00.000+00:00,11:00 AM - 1:00 PM,25,5
671a9c3d7b0fcf129fc11057,2024-11-25T00:00:00.000+00:00,11:00 AM - 1:00 PM,25,5
671a9c3d7b0fcf129fc11058,2024-11-25T00:00:00.000+00:00,11:00 AM - 1:00 PM,25,5
671a9c3d7b0fcf129fc11059,2024-11-25T00:00:00.000+00:00,11:00 AM - 1:00 PM,25,5
671a9c3d7b0fcf129fc1105a,2024-11-25T00:00:00.000+00:00,11:00 AM - 1:00 PM,25,5
671a9c3d7b0fcf129fc1105b,2024-11-25T00:00:00.000+00:00,11:00 AM - 1:00 PM,25,5
671a9c3d7b0fcf129fc1105c,2024-11-25T00:00:00.000+00:00,11:00 AM - 1:00 PM,25,5
671a9c3d7b0fcf129fc1105d,2024-11-25T00:00:00.000+00:00,11:00 AM - 1:00 PM,25,5
671a9c3d7b0fcf129fc1105e,2024-11-25T00:00:00.000+00:00,11:00 AM - 1:00 PM,25,5
671a9c3d7b0fcf129fc1105f,2024-11-25T00:00:00.000+00:00,11:00 AM - 1:00 PM,25,5
671a9c3d7b0fcf129fc11060,2024-11-25T00:00:00.000+00:00,11:00 AM - 1:00 PM,25,5
671a9c3d7b0fcf129fc10ffd,2024-11-25T00:00:00.000+00:00,05:00 PM - 07:00 PM,25,5
671a9c3d7b0fcf129fc10ffe,2024-11-25T00:00:00.000+00:00,05:00 PM - 07:00 PM,25,5
671a9c3d7b0fcf129fc10fff,2024-11-25T00:00:00.000+00:00,05:00 PM - 07:00 PM,25,5
671a9c3d7b0fcf129fc11000,2024-11-25T00:00:00.000+00:00,05:00 PM - 07:00 PM,25,5
671a9c3d7b0fcf129fc11001,2024-11-25T00:00:00.000+00:00,05:00 PM - 07:00 PM,25,5
671a9c3d7b0fcf129fc11002,2024-11-25T00:00:00.000+00:00,05:00 PM - 07:00 PM,25,5
671a9c3d7b0fcf129fc11003,2024-11-25T00:00:00.000+00:00,05:00 PM - 07:00 PM,25,5
671a9c3d7b0fcf129fc11004,2024-11-25T00:00:00.000+00:00,05:00 PM - 07:00 PM,25,5
671a9c3d7b0fcf129fc11005,2024-11-25T00:00:00.000+00:00,05:00 PM - 07:00 PM,25,5
671a9c3d7b0fcf129fc11006,2024-11-25T00:00:00.000+00:00,05:00 PM - 07:00 PM,25,5
671a9c3d7b0fcf129fc11007,2024-11-25T00:00:00.000+00:00,05:00 PM - 07:00 PM,25,5
671a9c3d7b0fcf129fc11008,2024-11-25T00:00:00.000+00:00,05:00 PM - 07:00 PM,25,5
671a9c3d7b0fcf129fc11009,2024-11-25T00:00:00.000+00:00,05:00 PM - 07:00 PM,25,5
671a9c3d7b0fcf129fc1100a,2024-11-25T00:00:00.000+00:00,05:00 PM - 07:00 PM,25,5
671a9c3d7b0fcf129fc1100b,2024-11-25T00:00:00.000+00:00,05:00 PM - 07:00 PM,25,5
671a9c3d7b0fcf129fc1100c,2024-11-25T00:00:00.000+00:00,05:00 PM - 07:00 PM,25,5
671a9c3d7b0fcf129fc1100d,2024-11-25T00:00:00.000+00:00,05:00 PM - 07:00 PM,25,5
671a9c3d7b0fcf129fc1100e,2024-11-25T00:00:00.000+00:00,05:00 PM - 07:00 PM,25,5
671a9c3d7b0fcf129fc1100f,2024-11-25T00:00:00.000+00:00,05:00 PM - 07:00 PM,25,5
671a9c3d7b0fcf129fc11010,2024-11-25T00:00:00.000+00:00,05:00 PM - 07:00 PM,25,5
671a9c3d7b0fcf129fc11011,2024-11-25T00:00:00.000+00:00,05:00 PM - 07:00 PM,25,5
671a9c3d7b0fcf129fc11012,2024-11-25T00:00:00.000+00:00,05:00 PM - 07:00 PM,25,5
671a9c3d7b0fcf129fc11013,2024-11-25T00:00:00.000+00:00,05:00 PM - 07:00 PM,25,5
671a9c3d7b0fcf129fc11014,2024-11-25T00:00:00.000+00:00,05:00 PM - 07:00 PM,25,5
671a9c3d7b0fcf129fc11015,2024-11-25T00:00:00.000+00:00,05:00 PM - 07:00 PM,25,5
671a9c3d7b0fcf129fc11016,2024-11-25T00:00:00.000+00:00,05:00 PM - 07:00 PM,25,5
671a9c3d7b0fcf129fc11017,2024-11-25T00:00:00.000+00:00,05:00 PM - 07:00 PM,25,5
671a9c3d7b0fcf129fc11018,2024-11-25T00:00:00.000+00:00,05:00 PM - 07:00 PM,25,5
671a9c3d7b0fcf129fc11019,2024-11-25T00:00:00.000+00:00,05:00 PM - 07:00 PM,25,5
671a9c3d7b0fcf129fc1101a,2024-11-25T00:00:00.000+00:00,05:00 PM - 07:00 PM,25,5
671a9c3d7b0fcf129fc1101b,2024-11-25T00:00:00.000+00:00,05:00 PM - 07:00 PM,25,5
671a9c3d7b0fcf129fc1101c,2024-11-25T00:00:00.000+00:00,05:00 PM - 07:00 PM,25,5
671a9c3d7b0fcf129fc1101d,2024-11-25T00:00:00.000+00:00,05:00 PM - 07:00 PM,25,5
671a9c3d7b0fcf129fc1101e,2024-11-25T00:00:00.000+00:00,05:00 PM - 07:00 PM,25,5
671a9c3d7b0fcf129fc1101f,2024-11-25T00:00:00.000+00:00,05:00 PM - 07:00 PM,25,5
671a9c3d7b0fcf129fc11020,2024-11-25T00:00:00.000+00:00,05:00 PM - 07:00 PM,25,5
671a9c3d7b0fcf129fc11021,2024-11-25T00:00:00.000+00:00,05:00 PM - 07:00 PM,25,5
671a9c3d7b0fcf129fc11022,2024-11-25T00:00:00.000+00:00,05:00 PM - 07:00 PM,25,5
671a9c3d7b0fcf129fc11023,2024-11-25T00:00:00.000+00:00,05:00 PM - 07:00 PM,25,5
671a9c3d7b0fcf129fc11024,2024-11-25T00:00:00.000+00:00,05:00 PM - 07:00 PM,25,5
671a9c3d7b0fcf129fc11025,2024-11-25T00:00:00.000+00:00,05:00 PM - 07:00 PM,25,5
671a9c3d7b0fcf129fc11026,2024-11-25T00:00:00.000+00:00,05:00 PM - 07:00 PM,25,5
671a9c3d7b0fcf129fc11027,2024-11-25T00:00:00.000+00:00,05:00 PM - 07:00 PM,25,5
671a9c3d7b0fcf129fc11028,2024-11-25T00:00:00.000+00:00,05:00 PM - 07:00 PM,25,5
671a9c3d7b0fcf129fc11029,2024-11-25T00:00:00.000+00:00,05:00 PM - 07:00 PM,25,5
671a9c3d7b0fcf129fc1102a,2024-11-25T00:00:00.000+00:00,05:00 PM - 07:00 PM,25,5
671a9c3d7b0fcf129fc1102b,2024-11-25T00:00:00.000+00:00,05:00 PM - 07:00 PM,25,5
671a9c3d7b0fcf129fc1102c,2024-11-25T00:00:00.000+00:00,05:00 PM - 07:00 PM,25,5
671a9c3d7b0fcf129fc1102d,2024-11-25T00:00:00.000+00:00,05:00 PM - 07:00 PM,25,5
671a9c3d7b0fcf129fc1102e,2024-11-25T00:00:00.000+00:00,05:00 PM - 07:00 PM,25,5
671a9c3d7b0fcf129fc1102f,2024-11-25T00:00:00.000+00:00,05:00 PM - 07:00 PM,25,5
671a9c3d7b0fcf129fc11030,2024-11-25T00:00:00.000+00:00,05:00 PM - 07:00 PM,25,5
671a9c3d7b0fcf129fc11031,2024-11-25T00:00:00.000+00:00,05:00 PM - 07:00 PM,25,5
671a9c3d7b0fcf129fc11032,2024-11-25T00:00:00.000+00:00,05:00 PM - 07:00 PM,25,5
671a9c3d7b0fcf129fc11033,2024-11-25T00:00:00.000+00:00,05:00 PM - 07:00 PM,25,5
671a9c3d7b0fcf129fc11034,2024-11-25T00:00:00.000+00:00,05:00 PM - 07:00 PM,25,5
671a9c3d7b0fcf129fc11035,2024-11-25T00:00:00.000+00:00,05:00 PM - 07:00 PM,25,5
671a9c3d7b0fcf129fc11036,2024-11-25T00:00:00.000+00:00,05:00 PM - 07:00 PM,25,5
671a9c3d7b0fcf129fc11037,2024-11-25T00:00:00.000+00:00,05:00 PM - 07:00 PM,25,5
671a9c3d7b0fcf129fc11038,2024-11-25T00:00:00.000+00:00,05:00 PM - 07:00 PM,25,5
671a9c3d7b0fcf129fc11039,2024-11-25T00:00:00.000+00:00,05:00 PM - 07:00 PM,25,5
671a9c3d7b0fcf129fc1103a,2024-11-25T00:00:00.000+00:00,05:00 PM - 07:00 PM,25,5
671a9c3d7b0fcf129fc1103b,2024-11-25T00:00:00.000+00:00,05:00 PM - 07:00 PM,25,5
671a9c3d7b0fcf129fc1103c,2024-11-25T00:00:00.000+00:00,05:00 PM - 07:00 PM,25,5
671a9c3d7b0fcf129fc1103d,2024-11-25T00:00:00.000+00:00,05:00 PM - 07:00 PM,25,5
671a9c3d7b0fcf129fc1103e,2024-11-25T00:00:00.000+00:00,05:00 PM - 07:00 PM,25,5
671a9c3d7b0fcf129fc1103f,2024-11-25T00:00:00.000+00:00,05:00 PM - 07:00 PM,25,5
671a9c3d7b0fcf129fc11040,2024-11-25T00:00:00.000+00:00,05:00 PM - 07:00 PM,25,5
671a9c3d7b0fcf129fc11041,2024-11-25T00:00:00.000+00:00,05:00 PM - 07:00 PM,25,5
671a9c3d7b0fcf129fc11042,2024-11-25T00:00:00.000+00:00,05:00 PM - 07:00 PM,25,5
671a9c3d7b0fcf129fc11043,2024-11-25T00:00:00.000+00:00,05:00 PM - 07:00 PM,25,5
671a9c3d7b0fcf129fc11044,2024-11-25T00:00:00.000+00:00,05:00 PM - 07:00 PM,25,5
671a9c3d7b0fcf129fc11045,2024-11-25T00:00:00.000+00:00,05:00 PM - 07:00 PM,25,5
671a9c3d7b0fcf129fc11046,2024-11-25T00:00:00.000+00:00,05:00 PM - 07:00 PM,25,5
671a9c3d7b0fcf129fc11047,2024-11-25T00:00:00.000+00:00,05:00 PM - 07:00 PM,25,5
671a9c3d7b0fcf129fc11048,2024-11-25T00:00:00.000+00:00,05:00 PM - 07:00 PM,25,5
671a9c3d7b0fcf129fc11049,2024-11-25T00:00:00.000+00:00,05:00 PM - 07:00 PM,25,5
671a9c3d7b0fcf129fc1104a,2024-11-25T00:00:00.000+00:00,05:00 PM - 07:00 PM,25,5
671a9c3d7b0fcf129fc1104b,2024-11-25T00:00:00.000+00:00,05:00 PM - 07:00 PM,25,5
671a9c3d7b0fcf129fc1104c,2024-11-25T00:00:00.000+00:00,05:00 PM - 07:00 PM,25,5
671a9c3d7b0fcf129fc1104d,2024-11-25T00:00:00.000+00:00,05:00 PM - 07:00 PM,25,5
671a9c3d7b0fcf129fc1104e,2024-11-25T00:00:00.000+00:00,05:00 PM - 07:00 PM,25,5
671a9c3d7b0fcf129fc1104f,2024-11-25T00:00:00.000+00:00,05:00 PM - 07:00 PM,25,5
671a9c3d7b0fcf129fc11050,2024-11-25T00:00:00.000+00:00,05:00 PM - 07:00 PM,25,5
671a9c3d7b0fcf129fc11051,2024-11-25T00:00:00.000+00:00,05:00 PM - 07:00 PM,25,5
671a9c3d7b0fcf129fc11052,2024-11-25T00:00:00.000+00:00,05:00 PM - 07:00 PM,25,5
671a9c3d7b0fcf129fc11053,2024-11-25T00:00:00.000+00:00,05:00 PM - 07:00 PM,25,5
671a9c3d7b0fcf129fc11054,2024-11-25T00:00:00.000+00:00,05:00 PM - 07:00 PM,25,5
671a9c3d7b0fcf129fc11055,2024-11-25T00:00:00.000+00:00,05:00 PM - 07:00 PM,25,5
671a9c3d7b0fcf129fc11056,2024-11-25T00:00:00.000+00:00,05:00 PM - 07:00 PM,25,5
671a9c3d7b0fcf129fc11057,2024-11-25T00:00:00.000+00:00,05:00 PM - 07:00 PM,25,5
671a9c3d7b0fcf129fc11058,2024-11-25T00:00:00.000+00:00,05:00 PM - 07:00 PM,25,5
671a9c3d7b0fcf129fc11059,2024-11-25T00:00:00.000+00:00,05:00 PM - 07:00 PM,25,5
671a9c3d7b0fcf129fc1105a,2024-11-25T00:00:00.000+00:00,05:00 PM - 07:00 PM,25,5
671a9c3d7b0fcf129fc1105b,2024-11-25T00:00:00.000+00:00,05:00 PM - 07:00 PM,25,5
671a9c3d7b0fcf129fc1105c,2024-11-25T00:00:00.000+00:00,05:00 PM - 07:00 PM,25,5
671a9c3d7b0fcf129fc1105d,2024-11-25T00:00:00.000+00:00,05:00 PM - 07:00 PM,25,5
671a9c3d7b0fcf129fc1105e,2024-11-25T00:00:00.000+00:00,05:00 PM - 07:00 PM,25,5
671a9c3d7b0fcf129fc1105f,2024-11-25T00:00:00.000+00:00,05:00 PM - 07:00 PM,25,5
671a9c3d7b0fcf129fc11060,2024-11-25T00:00:00.000+00:00,05:00 PM - 07:00 PM,25,5
671a9c3d7b0fcf129fc10ffd,2024-11-26T00:00:00.000+00:00,09:00 AM - 10:00 AM,25,5
671a9c3d7b0fcf129fc10ffe,2024-11-26T00:00:00.000+00:00,09:00 AM - 10:00 AM,25,5
671a9c3d7b0fcf129fc10fff,2024-11-26T00:00:00.000+00:00,09:00 AM - 10:00 AM,25,5
671a9c3d7b0fcf129fc11000,2024-11-26T00:00:00.000+00:00,09:00 AM - 10:00 AM,25,5
671a9c3d7b0fcf129fc11001,2024-11-26T00:00:00.000+00:00,09:00 AM - 10:00 AM,25,5
671a9c3d7b0fcf129fc11002,2024-11-26T00:00:00.000+00:00,09:00 AM - 10:00 AM,25,5
671a9c3d7b0fcf129fc11003,2024-11-26T00:00:00.000+00:00,09:00 AM - 10:00 AM,25,5
671a9c3d7b0fcf129fc11004,2024-11-26T00:00:00.000+00:00,09:00 AM - 10:00 AM,25,5
671a9c3d7b0fcf129fc11005,2024-11-26T00:00:00.000+00:00,09:00 AM - 10:00 AM,25,5
671a9c3d7b0fcf129fc11006,2024-11-26T00:00:00.000+00:00,09:00 AM - 10:00 AM,25,5
671a9c3d7b0fcf129fc11007,2024-11-26T00:00:00.000+00:00,09:00 AM - 10:00 AM,25,5
671a9c3d7b0fcf129fc11008,2024-11-26T00:00:00.000+00:00,09:00 AM - 10:00 AM,25,5
671a9c3d7b0fcf129fc11009,2024-11-26T00:00:00.000+00:00,09:00 AM - 10:00 AM,25,5
671a9c3d7b0fcf129fc1100a,2024-11-26T00:00:00.000+00:00,09:00 AM - 10:00 AM,25,5
671a9c3d7b0fcf129fc1100b,2024-11-26T00:00:00.000+00:00,09:00 AM - 10:00 AM,25,5
671a9c3d7b0fcf129fc1100c,2024-11-26T00:00:00.000+00:00,09:00 AM - 10:00 AM,25,5
671a9c3d7b0fcf129fc1100d,2024-11-26T00:00:00.000+00:00,09:00 AM - 10:00 AM,25,5
671a9c3d7b0fcf129fc1100e,2024-11-26T00:00:00.000+00:00,09:00 AM - 10:00 AM,25,5
671a9c3d7b0fcf129fc1100f,2024-11-26T00:00:00.000+00:00,09:00 AM - 10:00 AM,25,5
671a9c3d7b0fcf129fc11010,2024-11-26T00:00:00.000+00:00,09:00 AM - 10:00 AM,25,5
671a9c3d7b0fcf129fc11011,2024-11-26T00:00:00.000+00:00,09:00 AM - 10:00 AM,25,5
671a9c3d7b0fcf129fc11012,2024-11-26T00:00:00.000+00:00,09:00 AM - 10:00 AM,25,5
671a9c3d7b0fcf129fc11013,2024-11-26T00:00:00.000+00:00,09:00 AM - 10:00 AM,25,5
671a9c3d7b0fcf129fc11014,2024-11-26T00:00:00.000+00:00,09:00 AM - 10:00 AM,25,5
671a9c3d7b0fcf129fc11015,2024-11-26T00:00:00.000+00:00,09:00 AM - 10:00 AM,25,5
671a9c3d7b0fcf129fc11016,2024-11-26T00:00:00.000+00:00,09:00 AM - 10:00 AM,25,5
671a9c3d7b0fcf129fc11017,2024-11-26T00:00:00.000+00:00,09:00 AM - 10:00 AM,25,5
671a9c3d7b0fcf129fc11018,2024-11-26T00:00:00.000+00:00,09:00 AM - 10:00 AM,25,5
671a9c3d7b0fcf129fc11019,2024-11-26T00:00:00.000+00:00,09:00 AM - 10:00 AM,25,5
671a9c3d7b0fcf129fc1101a,2024-11-26T00:00:00.000+00:00,09:00 AM - 10:00 AM,25,5
671a9c3d7b0fcf129fc1101b,2024-11-26T00:00:00.000+00:00,09:00 AM - 10:00 AM,25,5
671a9c3d7b0fcf129fc1101c,2024-11-26T00:00:00.000+00:00,09:00 AM - 10:00 AM,25,5
671a9c3d7b0fcf129fc1101d,2024-11-26T00:00:00.000+00:00,09:00 AM - 10:00 AM,25,5
671a9c3d7b0fcf129fc1101e,2024-11-26T00:00:00.000+00:00,09:00 AM - 10:00 AM,25,5
671a9c3d7b0fcf129fc1101f,2024-11-26T00:00:00.000+00:00,09:00 AM - 10:00 AM,25,5
671a9c3d7b0fcf129fc11020,2024-11-26T00:00:00.000+00:00,09:00 AM - 10:00 AM,25,5
671a9c3d7b0fcf129fc11021,2024-11-26T00:00:00.000+00:00,09:00 AM - 10:00 AM,25,5
671a9c3d7b0fcf129fc11022,2024-11-26T00:00:00.000+00:00,09:00 AM - 10:00 AM,25,5
671a9c3d7b0fcf129fc11023,2024-11-26T00:00:00.000+00:00,09:00 AM - 10:00 AM,25,5
671a9c3d7b0fcf129fc11024,2024-11-26T00:00:00.000+00:00,09:00 AM - 10:00 AM,25,5
671a9c3d7b0fcf129fc11025,2024-11-26T00:00:00.000+00:00,09:00 AM - 10:00 AM,25,5
671a9c3d7b0fcf129fc11026,2024-11-26T00:00:00.000+00:00,09:00 AM - 10:00 AM,25,5
671a9c3d7b0fcf129fc11027,2024-11-26T00:00:00.000+00:00,09:00 AM - 10:00 AM,25,5
671a9c3d7b0fcf129fc11028,2024-11-26T00:00:00.000+00:00,09:00 AM - 10:00 AM,25,5
671a9c3d7b0fcf129fc11029,2024-11-26T00:00:00.000+00:00,09:00 AM - 10:00 AM,25,5
671a9c3d7b0fcf129fc1102a,2024-11-26T00:00:00.000+00:00,09:00 AM - 10:00 AM,25,5
671a9c3d7b0fcf129fc1102b,2024-11-26T00:00:00.000+00:00,09:00 AM - 10:00 AM,25,5
671a9c3d7b0fcf129fc1102c,2024-11-26T00:00:00.000+00:00,09:00 AM - 10:00 AM,25,5
671a9c3d7b0fcf129fc1102d,2024-11-26T00:00:00.000+00:00,09:00 AM - 10:00 AM,25,5
671a9c3d7b0fcf129fc1102e,2024-11-26T00:00:00.000+00:00,09:00 AM - 10:00 AM,25,5
671a9c3d7b0fcf129fc1102f,2024-11-26T00:00:00.000+00:00,09:00 AM - 10:00 AM,25,5
671a9c3d7b0fcf129fc11030,2024-11-26T00:00:00.000+00:00,09:00 AM - 10:00 AM,25,5
671a9c3d7b0fcf129fc11031,2024-11-26T00:00:00.000+00:00,09:00 AM - 10:00 AM,25,5
671a9c3d7b0fcf129fc11032,2024-11-26T00:00:00.000+00:00,09:00 AM - 10:00 AM,25,5
671a9c3d7b0fcf129fc11033,2024-11-26T00:00:00.000+00:00,09:00 AM - 10:00 AM,25,5
671a9c3d7b0fcf129fc11034,2024-11-26T00:00:00.000+00:00,09:00 AM - 10:00 AM,25,5
671a9c3d7b0fcf129fc11035,2024-11-26T00:00:00.000+00:00,09:00 AM - 10:00 AM,25,5
671a9c3d7b0fcf129fc11036,2024-11-26T00:00:00.000+00:00,09:00 AM - 10:00 AM,25,5
671a9c3d7b0fcf129fc11037,2024-11-26T00:00:00.000+00:00,09:00 AM - 10:00 AM,25,5
671a9c3d7b0fcf129fc11038,2024-11-26T00:00:00.000+00:00,09:00 AM - 10:00 AM,25,5
671a9c3d7b0fcf129fc11039,2024-11-26T00:00:00.000+00:00,09:00 AM - 10:00 AM,25,5
671a9c3d7b0fcf129fc1103a,2024-11-26T00:00:00.000+00:00,09:00 AM - 10:00 AM,25,5
671a9c3d7b0fcf129fc1103b,2024-11-26T00:00:00.000+00:00,09:00 AM - 10:00 AM,25,5
671a9c3d7b0fcf129fc1103c,2024-11-26T00:00:00.000+00:00,09:00 AM - 10:00 AM,25,5
671a9c3d7b0fcf129fc1103d,2024-11-26T00:00:00.000+00:00,09:00 AM - 10:00 AM,25,5
671a9c3d7b0fcf129fc1103e,2024-11-26T00:00:00.000+00:00,09:00 AM - 10:00 AM,25,5
671a9c3d7b0fcf129fc1103f,2024-11-26T00:00:00.000+00:00,09:00 AM - 10:00 AM,25,5
671a9c3d7b0fcf129fc11040,2024-11-26T00:00:00.000+00:00,09:00 AM - 10:00 AM,25,5
671a9c3d7b0fcf129fc11041,2024-11-26T00:00:00.000+00:00,09:00 AM - 10:00 AM,25,5
671a9c3d7b0fcf129fc11042,2024-11-26T00:00:00.000+00:00,09:00 AM - 10:00 AM,25,5
671a9c3d7b0fcf129fc11043,2024-11-26T00:00:00.000+00:00,09:00 AM - 10:00 AM,25,5
671a9c3d7b0fcf129fc11044,2024-11-26T00:00:00.000+00:00,09:00 AM - 10:00 AM,25,5
671a9c3d7b0fcf129fc11045,2024-11-26T00:00:00.000+00:00,09:00 AM - 10:00 AM,25,5
671a9c3d7b0fcf129fc11046,2024-11-26T00:00:00.000+00:00,09:00 AM - 10:00 AM,25,5
671a9c3d7b0fcf129fc11047,2024-11-26T00:00:00.000+00:00,09:00 AM - 10:00 AM,25,5
671a9c3d7b0fcf129fc11048,2024-11-26T00:00:00.000+00:00,09:00 AM - 10:00 AM,25,5
671a9c3d7b0fcf129fc11049,2024-11-26T00:00:00.000+00:00,09:00 AM - 10:00 AM,25,5
671a9c3d7b0fcf129fc1104a,2024-11-26T00:00:00.000+00:00,09:00 AM - 10:00 AM,25,5
671a9c3d7b0fcf129fc1104b,2024-11-26T00:00:00.000+00:00,09:00 AM - 10:00 AM,25,5
671a9c3d7b0fcf129fc1104c,2024-11-26T00:00:00.000+00:00,09:00 AM - 10:00 AM,25,5
671a9c3d7b0fcf129fc1104d,2024-11-26T00:00:00.000+00:00,09:00 AM - 10:00 AM,25,5
671a9c3d7b0fcf129fc1104e,2024-11-26T00:00:00.000+00:00,09:00 AM - 10:00 AM,25,5
671a9c3d7b0fcf129fc1104f,2024-11-26T00:00:00.000+00:00,09:00 AM - 10:00 AM,25,5
671a9c3d7b0fcf129fc11050,2024-11-26T00:00:00.000+00:00,09:00 AM - 10:00 AM,25,5
671a9c3d7b0fcf129fc11051,2024-11-26T00:00:00.000+00:00,09:00 AM - 10:00 AM,25,5
671a9c3d7b0fcf129fc11052,2024-11-26T00:00:00.000+00:00,09:00 AM - 10:00 AM,25,5
671a9c3d7b0fcf129fc11053,2024-11-26T00:00:00.000+00:00,09:00 AM - 10:00 AM,25,5
671a9c3d7b0fcf129fc11054,2024-11-26T00:00:00.000+00:00,09:00 AM - 10:00 AM,25,5
671a9c3d7b0fcf129fc11055,2024-11-26T00:00:00.000+00:00,09:00 AM - 10:00 AM,25,5
671a9c3d7b0fcf129fc11056,2024-11-26T00:00:00.000+00:00,09:00 AM - 10:00 AM,25,5
671a9c3d7b0fcf129fc11057,2024-11-26T00:00:00.000+00:00,09:00 AM - 10:00 AM,25,5
671a9c3d7b0fcf129fc11058,2024-11-26T00:00:00.000+00:00,09:00 AM - 10:00 AM,25,5
671a9c3d7b0fcf129fc11059,2024-11-26T00:00:00.000+00:00,09:00 AM - 10:00 AM,25,5
671a9c3d7b0fcf129fc1105a,2024-11-26T00:00:00.000+00:00,09:00 AM - 10:00 AM,25,5
671a9c3d7b0fcf129fc1105b,2024-11-26T00:00:00.000+00:00,09:00 AM - 10:00 AM,25,5
671a9c3d7b0fcf129fc1105c,2024-11-26T00:00:00.000+00:00,09:00 AM - 10:00 AM,25,5
671a9c3d7b0fcf129fc1105d,2024-11-26T00:00:00.000+00:00,09:00 AM - 10:00 AM,25,5
671a9c3d7b0fcf129fc1105e,2024-11-26T00:00:00.000+00:00,09:00 AM - 10:00 AM,25,5
671a9c3d7b0fcf129fc1105f,2024-11-26T00:00:00.000+00:00,09:00 AM - 10:00 AM,25,5
671a9c3d7b0fcf129fc11060,2024-11-26T00:00:00.000+00:00,09:00 AM - 10:00 AM,25,5
671a9c3d7b0fcf129fc10ffd,2024-11-26T00:00:00.000+00:00,11:00 AM - 01:00 PM,25,5
671a9c3d7b0fcf129fc10ffe,2024-11-26T00:00:00.000+00:00,11:00 AM - 01:00 PM,25,5
671a9c3d7b0fcf129fc10fff,2024-11-26T00:00:00.000+00:00,11:00 AM - 01:00 PM,25,5
671a9c3d7b0fcf129fc11000,2024-11-26T00:00:00.000+00:00,11:00 AM - 01:00 PM,25,5
671a9c3d7b0fcf129fc11001,2024-11-26T00:00:00.000+00:00,11:00 AM - 01:00 PM,25,5
671a9c3d7b0fcf129fc11002,2024-11-26T00:00:00.000+00:00,11:00 AM - 01:00 PM,25,5
671a9c3d7b0fcf129fc11003,2024-11-26T00:00:00.000+00:00,11:00 AM - 01:00 PM,25,5
671a9c3d7b0fcf129fc11004,2024-11-26T00:00:00.000+00:00,11:00 AM - 01:00 PM,25,5
671a9c3d7b0fcf129fc11005,2024-11-26T00:00:00.000+00:00,11:00 AM - 01:00 PM,25,5
671a9c3d7b0fcf129fc11006,2024-11-26T00:00:00.000+00:00,11:00 AM - 01:00 PM,25,5
671a9c3d7b0fcf129fc11007,2024-11-26T00:00:00.000+00:00,11:00 AM - 01:00 PM,25,5
671a9c3d7b0fcf129fc11008,2024-11-26T00:00:00.000+00:00,11:00 AM - 01:00 PM,25,5
671a9c3d7b0fcf129fc11009,2024-11-26T00:00:00.000+00:00,11:00 AM - 01:00 PM,25,5
671a9c3d7b0fcf129fc1100a,2024-11-26T00:00:00.000+00:00,11:00 AM - 01:00 PM,25,5
671a9c3d7b0fcf129fc1100b,2024-11-26T00:00:00.000+00:00,11:00 AM - 01:00 PM,25,5
671a9c3d7b0fcf129fc1100c,2024-11-26T00:00:00.000+00:00,11:00 AM - 01:00 PM,25,5
671a9c3d7b0fcf129fc1100d,2024-11-26T00:00:00.000+00:00,11:00 AM - 01:00 PM,25,5
671a9c3d7b0fcf129fc1100e,2024-11-26T00:00:00.000+00:00,11:00 AM - 01:00 PM,25,5
671a9c3d7b0fcf129fc1100f,2024-11-26T00:00:00.000+00:00,11:00 AM - 01:00 PM,25,5
671a9c3d7b0fcf129fc11010,2024-11-26T00:00:00.000+00:00,11:00 AM - 01:00 PM,25,5
671a9c3d7b0fcf129fc11011,2024-11-26T00:00:00.000+00:00,11:00 AM - 01:00 PM,25,5
671a9c3d7b0fcf129fc11012,2024-11-26T00:00:00.000+00:00,11:00 AM - 01:00 PM,25,5
671a9c3d7b0fcf129fc11013,2024-11-26T00:00:00.000+00:00,11:00 AM - 01:00 PM,25,5
671a9c3d7b0fcf129fc11014,2024-11-26T00:00:00.000+00:00,11:00 AM - 01:00 PM,25,5
671a9c3d7b0fcf129fc11015,2024-11-26T00:00:00.000+00:00,11:00 AM - 01:00 PM,25,5
671a9c3d7b0fcf129fc11016,2024-11-26T00:00:00.000+00:00,11:00 AM - 01:00 PM,25,5
671a9c3d7b0fcf129fc11017,2024-11-26T00:00:00.000+00:00,11:00 AM - 01:00 PM,25,5
671a9c3d7b0fcf129fc11018,2024-11-26T00:00:00.000+00:00,11:00 AM - 01:00 PM,25,5
671a9c3d7b0fcf129fc11019,2024-11-26T00:00:00.000+00:00,11:00 AM - 01:00 PM,25,5
671a9c3d7b0fcf129fc1101a,2024-11-26T00:00:00.000+00:00,11:00 AM - 01:00 PM,25,5
671a9c3d7b0fcf129fc1101b,2024-11-26T00:00:00.000+00:00,11:00 AM - 01:00 PM,25,5
671a9c3d7b0fcf129fc1101c,2024-11-26T00:00:00.000+00:00,11:00 AM - 01:00 PM,25,5
671a9c3d7b0fcf129fc1101d,2024-11-26T00:00:00.000+00:00,11:00 AM - 01:00 PM,25,5
671a9c3d7b0fcf129fc1101e,2024-11-26T00:00:00.000+00:00,11:00 AM - 01:00 PM,25,5
671a9c3d7b0fcf129fc1101f,2024-11-26T00:00:00.000+00:00,11:00 AM - 01:00 PM,25,5
671a9c3d7b0fcf129fc11020,2024-11-26T00:00:00.000+00:00,11:00 AM - 01:00 PM,25,5
671a9c3d7b0fcf129fc11021,2024-11-26T00:00:00.000+00:00,11:00 AM - 01:00 PM,25,5
671a9c3d7b0fcf129fc11022,2024-11-26T00:00:00.000+00:00,11:00 AM - 01:00 PM,25,5
671a9c3d7b0fcf129fc11023,2024-11-26T00:00:00.000+00:00,11:00 AM - 01:00 PM,25,5
671a9c3d7b0fcf129fc11024,2024-11-26T00:00:00.000+00:00,11:00 AM - 01:00 PM,25,5
671a9c3d7b0fcf129fc11025,2024-11-26T00:00:00.000+00:00,11:00 AM - 01:00 PM,25,5
671a9c3d7b0fcf129fc11026,2024-11-26T00:00:00.000+00:00,11:00 AM - 01:00 PM,25,5
671a9c3d7b0fcf129fc11027,2024-11-26T00:00:00.000+00:00,11:00 AM - 01:00 PM,25,5
671a9c3d7b0fcf129fc11028,2024-11-26T00:00:00.000+00:00,11:00 AM - 01:00 PM,25,5
671a9c3d7b0fcf129fc11029,2024-11-26T00:00:00.000+00:00,11:00 AM - 01:00 PM,25,5
671a9c3d7b0fcf129fc1102a,2024-11-26T00:00:00.000+00:00,11:00 AM - 01:00 PM,25,5
671a9c3d7b0fcf129fc1102b,2024-11-26T00:00:00.000+00:00,11:00 AM - 01:00 PM,25,5
671a9c3d7b0fcf129fc1102c,2024-11-26T00:00:00.000+00:00,11:00 AM - 01:00 PM,25,5
671a9c3d7b0fcf129fc1102d,2024-11-26T00:00:00.000+00:00,11:00 AM - 01:00 PM,25,5
671a9c3d7b0fcf129fc1102e,2024-11-26T00:00:00.000+00:00,11:00 AM - 01:00 PM,25,5
671a9c3d7b0fcf129fc1102f,2024-11-26T00:00:00.000+00:00,11:00 AM - 01:00 PM,25,5
671a9c3d7b0fcf129fc11030,2024-11-26T00:00:00.000+00:00,11:00 AM - 01:00 PM,25,5
671a9c3d7b0fcf129fc11031,2024-11-26T00:00:00.000+00:00,11:00 AM - 01:00 PM,25,5
671a9c3d7b0fcf129fc11032,2024-11-26T00:00:00.000+00:00,11:00 AM - 01:00 PM,25,5
671a9c3d7b0fcf129fc11033,2024-11-26T00:00:00.000+00:00,11:00 AM - 01:00 PM,25,5
671a9c3d7b0fcf129fc11034,2024-11-26T00:00:00.000+00:00,11:00 AM - 01:00 PM,25,5
671a9c3d7b0fcf129fc11035,2024-11-26T00:00:00.000+00:00,11:00 AM - 01:00 PM,25,5
671a9c3d7b0fcf129fc11036,2024-11-26T00:00:00.000+00:00,11:00 AM - 01:00 PM,25,5
671a9c3d7b0fcf129fc11037,2024-11-26T00:00:00.000+00:00,11:00 AM - 01:00 PM,25,5
671a9c3d7b0fcf129fc11038,2024-11-26T00:00:00.000+00:00,11:00 AM - 01:00 PM,25,5
671a9c3d7b0fcf129fc11039,2024-11-26T00:00:00.000+00:00,11:00 AM - 01:00 PM,25,5
671a9c3d7b0fcf129fc1103a,2024-11-26T00:00:00.000+00:00,11:00 AM - 01:00 PM,25,5
671a9c3d7b0fcf129fc1103b,2024-11-26T00:00:00.000+00:00,11:00 AM - 01:00 PM,25,5
671a9c3d7b0fcf129fc1103c,2024-11-26T00:00:00.000+00:00,11:00 AM - 01:00 PM,25,5
671a9c3d7b0fcf129fc1103d,2024-11-26T00:00:00.000+00:00,11:00 AM - 01:00 PM,25,5
671a9c3d7b0fcf129fc1103e,2024-11-26T00:00:00.000+00:00,11:00 AM - 01:00 PM,25,5
671a9c3d7b0fcf129fc1103f,2024-11-26T00:00:00.000+00:00,11:00 AM - 01:00 PM,25,5
671a9c3d7b0fcf129fc11040,2024-11-26T00:00:00.000+00:00,11:00 AM - 01:00 PM,25,5
671a9c3d7b0fcf129fc11041,2024-11-26T00:00:00.000+00:00,11:00 AM - 01:00 PM,25,5
671a9c3d7b0fcf129fc11042,2024-11-26T00:00:00.000+00:00,11:00 AM - 01:00 PM,25,5
671a9c3d7b0fcf129fc11043,2024-11-26T00:00:00.000+00:00,11:00 AM - 01:00 PM,25,5
671a9c3d7b0fcf129fc11044,2024-11-26T00:00:00.000+00:00,11:00 AM - 01:00 PM,25,5
671a9c3d7b0fcf129fc11045,2024-11-26T00:00:00.000+00:00,11:00 AM - 01:00 PM,25,5
671a9c3d7b0fcf129fc11046,2024-11-26T00:00:00.000+00:00,11:00 AM - 01:00 PM,25,5
671a9c3d7b0fcf129fc11047,2024-11-26T00:00:00.000+00:00,11:00 AM - 01:00 PM,25,5
671a9c3d7b0fcf129fc11048,2024-11-26T00:00:00.000+00:00,11:00 AM - 01:00 PM,25,5
671a9c3d7b0fcf129fc11049,2024-11-26T00:00:00.000+00:00,11:00 AM - 01:00 PM,25,5
671a9c3d7b0fcf129fc1104a,2024-11-26T00:00:00.000+00:00,11:00 AM - 01:00 PM,25,5
671a9c3d7b0fcf129fc1104b,2024-11-26T00:00:00.000+00:00,11:00 AM - 01:00 PM,25,5
671a9c3d7b0fcf129fc1104c,2024-11-26T00:00:00.000+00:00,11:00 AM - 01:00 PM,25,5
671a9c3d7b0fcf129fc1104d,2024-11-26T00:00:00.000+00:00,11:00 AM - 01:00 PM,25,5
671a9c3d7b0fcf129fc1104e,2024-11-26T00:00:00.000+00:00,11:00 AM - 01:00 PM,25,5
671a9c3d7b0fcf129fc1104f,2024-11-26T00:00:00.000+00:00,11:00 AM - 01:00 PM,25,5
671a9c3d7b0fcf129fc11050,2024-11-26T00:00:00.000+00:00,11:00 AM - 01:00 PM,25,5
671a9c3d7b0fcf129fc11051,2024-11-26T00:00:00.000+00:00,11:00 AM - 01:00 PM,25,5
671a9c3d7b0fcf129fc11052,2024-11-26T00:00:00.000+00:00,11:00 AM - 01:00 PM,25,5
671a9c3d7b0fcf129fc11053,2024-11-26T00:00:00.000+00:00,11:00 AM - 01:00 PM,25,5
671a9c3d7b0fcf129fc11054,2024-11-26T00:00:00.000+00:00,11:00 AM - 01:00 PM,25,5
671a9c3d7b0fcf129fc11055,2024-11-26T00:00:00.000+00:00,11:00 AM - 01:00 PM,25,5
671a9c3d7b0fcf129fc11056,2024-11-26T00:00:00.000+00:00,11:00 AM - 01:00 PM,25,5
671a9c3d7b0fcf129fc11057,2024-11-26T00:00:00.000+00:00,11:00 AM - 01:00 PM,25,5
671a9c3d7b0fcf129fc11058,2024-11-26T00:00:00.000+00:00,11:00 AM - 01:00 PM,25,5
671a9c3d7b0fcf129fc11059,2024-11-26T00:00:00.000+00:00,11:00 AM - 01:00 PM,25,5
671a9c3d7b0fcf129fc1105a,2024-11-26T00:00:00.000+00:00,11:00 AM - 01:00 PM,25,5
671a9c3d7b0fcf129fc1105b,2024-11-26T00:00:00.000+00:00,11:00 AM - 01:00 PM,25,5
671a9c3d7b0fcf129fc1105c,2024-11-26T00:00:00.000+00:00,11:00 AM - 01:00 PM,25,5
671a9c3d7b0fcf129fc1105d,2024-11-26T00:00:00.000+00:00,11:00 AM - 01:00 PM,25,5
671a9c3d7b0fcf129fc1105e,2024-11-26T00:00:00.000+00:00,11:00 AM - 01:00 PM,25,5
671a9c3d7b0fcf129fc1105f,2024-11-26T00:00:00.000+00:00,11:00 AM - 01:00 PM,25,5
671a9c3d7b0fcf129fc11060,2024-11-26T00:00:00.000+00:00,11:00 AM - 01:00 PM,25,5
671a9c3d7b0fcf129fc10ffd,2024-11-26T00:00:00.000+00:00,05:00 PM - 07:00 PM,25,5
671a9c3d7b0fcf129fc10ffe,2024-11-26T00:00:00.000+00:00,05:00 PM - 07:00 PM,25,5
671a9c3d7b0fcf129fc10fff,2024-11-26T00:00:00.000+00:00,05:00 PM - 07:00 PM,25,5
671a9c3d7b0fcf129fc11000,2024-11-26T00:00:00.000+00:00,05:00 PM - 07:00 PM,25,5
671a9c3d7b0fcf129fc11001,2024-11-26T00:00:00.000+00:00,05:00 PM - 07:00 PM,25,5
671a9c3d7b0fcf129fc11002,2024-11-26T00:00:00.000+00:00,05:00 PM - 07:00 PM,25,5
671a9c3d7b0fcf129fc11003,2024-11-26T00:00:00.000+00:00,05:00 PM - 07:00 PM,25,5
671a9c3d7b0fcf129fc11004,2024-11-26T00:00:00.000+00:00,05:00 PM - 07:00 PM,25,5
671a9c3d7b0fcf129fc11005,2024-11-26T00:00:00.000+00:00,05:00 PM - 07:00 PM,25,5
671a9c3d7b0fcf129fc11006,2024-11-26T00:00:00.000+00:00,05:00 PM - 07:00 PM,25,5
671a9c3d7b0fcf129fc11007,2024-11-26T00:00:00.000+00:00,05:00 PM - 07:00 PM,25,5
671a9c3d7b0fcf129fc11008,2024-11-26T00:00:00.000+00:00,05:00 PM - 07:00 PM,25,5
671a9c3d7b0fcf129fc11009,2024-11-26T00:00:00.000+00:00,05:00 PM - 07:00 PM,25,5
671a9c3d7b0fcf129fc1100a,2024-11-26T00:00:00.000+00:00,05:00 PM - 07:00 PM,25,5
671a9c3d7b0fcf129fc1100b,2024-11-26T00:00:00.000+00:00,05:00 PM - 07:00 PM,25,5
671a9c3d7b0fcf129fc1100c,2024-11-26T00:00:00.000+00:00,05:00 PM - 07:00 PM,25,5
671a9c3d7b0fcf129fc1100d,2024-11-26T00:00:00.000+00:00,05:00 PM - 07:00 PM,25,5
671a9c3d7b0fcf129fc1100e,2024-11-26T00:00:00.000+00:00,05:00 PM - 07:00 PM,25,5
671a9c3d7b0fcf129fc1100f,2024-11-26T00:00:00.000+00:00,05:00 PM - 07:00 PM,25,5
671a9c3d7b0fcf129fc11010,2024-11-26T00:00:00.000+00:00,05:00 PM - 07:00 PM,25,5
671a9c3d7b0fcf129fc11011,2024-11-26T00:00:00.000+00:00,05:00 PM - 07:00 PM,25,5
671a9c3d7b0fcf129fc11012,2024-11-26T00:00:00.000+00:00,05:00 PM - 07:00 PM,25,5
671a9c3d7b0fcf129fc11013,2024-11-26T00:00:00.000+00:00,05:00 PM - 07:00 PM,25,5
671a9c3d7b0fcf129fc11014,2024-11-26T00:00:00.000+00:00,05:00 PM - 07:00 PM,25,5
671a9c3d7b0fcf129fc11015,2024-11-26T00:00:00.000+00:00,05:00 PM - 07:00 PM,25,5
671a9c3d7b0fcf129fc11016,2024-11-26T00:00:00.000+00:00,05:00 PM - 07:00 PM,25,5
671a9c3d7b0fcf129fc11017,2024-11-26T00:00:00.000+00:00,05:00 PM - 07:00 PM,25,5
671a9c3d7b0fcf129fc11018,2024-11-26T00:00:00.000+00:00,05:00 PM - 07:00 PM,25,5
671a9c3d7b0fcf129fc11019,2024-11-26T00:00:00.000+00:00,05:00 PM - 07:00 PM,25,5
671a9c3d7b0fcf129fc1101a,2024-11-26T00:00:00.000+00:00,05:00 PM - 07:00 PM,25,5
671a9c3d7b0fcf129fc1101b,2024-11-26T00:00:00.000+00:00,05:00 PM - 07:00 PM,25,5
671a9c3d7b0fcf129fc1101c,2024-11-26T00:00:00.000+00:00,05:00 PM - 07:00 PM,25,5
671a9c3d7b0fcf129fc1101d,2024-11-26T00:00:00.000+00:00,05:00 PM - 07:00 PM,25,5
671a9c3d7b0fcf129fc1101e,2024-11-26T00:00:00.000+00:00,05:00 PM - 07:00 PM,25,5
671a9c3d7b0fcf129fc1101f,2024-11-26T00:00:00.000+00:00,05:00 PM - 07:00 PM,25,5
671a9c3d7b0fcf129fc11020,2024-11-26T00:00:00.000+00:00,05:00 PM - 07:00 PM,25,5
671a9c3d7b0fcf129fc11021,2024-11-26T00:00:00.000+00:00,05:00 PM - 07:00 PM,25,5
671a9c3d7b0fcf129fc11022,2024-11-26T00:00:00.000+00:00,05:00 PM - 07:00 PM,25,5
671a9c3d7b0fcf129fc11023,2024-11-26T00:00:00.000+00:00,05:00 PM - 07:00 PM,25,5
671a9c3d7b0fcf129fc11024,2024-11-26T00:00:00.000+00:00,05:00 PM - 07:00 PM,25,5
671a9c3d7b0fcf129fc11025,2024-11-26T00:00:00.000+00:00,05:00 PM - 07:00 PM,25,5
671a9c3d7b0fcf129fc11026,2024-11-26T00:00:00.000+00:00,05:00 PM - 07:00 PM,25,5
671a9c3d7b0fcf129fc11027,2024-11-26T00:00:00.000+00:00,05:00 PM - 07:00 PM,25,5
671a9c3d7b0fcf129fc11028,2024-11-26T00:00:00.000+00:00,05:00 PM - 07:00 PM,25,5
671a9c3d7b0fcf129fc11029,2024-11-26T00:00:00.000+00:00,05:00 PM - 07:00 PM,25,5
671a9c3d7b0fcf129fc1102a,2024-11-26T00:00:00.000+00:00,05:00 PM - 07:00 PM,25,5
671a9c3d7b0fcf129fc1102b,2024-11-26T00:00:00.000+00:00,05:00 PM - 07:00 PM,25,5
671a9c3d7b0fcf129fc1102c,2024-11-26T00:00:00.000+00:00,05:00 PM - 07:00 PM,25,5
671a9c3d7b0fcf129fc1102d,2024-11-26T00:00:00.000+00:00,05:00 PM - 07:00 PM,25,5
671a9c3d7b0fcf129fc1102e,2024-11-26T00:00:00.000+00:00,05:00 PM - 07:00 PM,25,5
671a9c3d7b0fcf129fc1102f,2024-11-26T00:00:00.000+00:00,05:00 PM - 07:00 PM,25,5
671a9c3d7b0fcf129fc11030,2024-11-26T00:00:00.000+00:00,05:00 PM - 07:00 PM,25,5
671a9c3d7b0fcf129fc11031,2024-11-26T00:00:00.000+00:00,05:00 PM - 07:00 PM,25,5
671a9c3d7b0fcf129fc11032,2024-11-26T00:00:00.000+00:00,05:00 PM - 07:00 PM,25,5
671a9c3d7b0fcf129fc11033,2024-11-26T00:00:00.000+00:00,05:00 PM - 07:00 PM,25,5
671a9c3d7b0fcf129fc11034,2024-11-26T00:00:00.000+00:00,05:00 PM - 07:00 PM,25,5
671a9c3d7b0fcf129fc11035,2024-11-26T00:00:00.000+00:00,05:00 PM - 07:00 PM,25,5
671a9c3d7b0fcf129fc11036,2024-11-26T00:00:00.000+00:00,05:00 PM - 07:00 PM,25,5
671a9c3d7b0fcf129fc11037,2024-11-26T00:00:00.000+00:00,05:00 PM - 07:00 PM,25,5
671a9c3d7b0fcf129fc11038,2024-11-26T00:00:00.000+00:00,05:00 PM - 07:00 PM,25,5
671a9c3d7b0fcf129fc11039,2024-11-26T00:00:00.000+00:00,05:00 PM - 07:00 PM,25,5
671a9c3d7b0fcf129fc1103a,2024-11-26T00:00:00.000+00:00,05:00 PM - 07:00 PM,25,5
671a9c3d7b0fcf129fc1103b,2024-11-26T00:00:00.000+00:00,05:00 PM - 07:00 PM,25,5
671a9c3d7b0fcf129fc1103c,2024-11-26T00:00:00.000+00:00,05:00 PM - 07:00 PM,25,5
671a9c3d7b0fcf129fc1103d,2024-11-26T00:00:00.000+00:00,05:00 PM - 07:00 PM,25,5
671a9c3d7b0fcf129fc1103e,2024-11-26T00:00:00.000+00:00,05:00 PM - 07:00 PM,25,5
671a9c3d7b0fcf129fc1103f,2024-11-26T00:00:00.000+00:00,05:00 PM - 07:00 PM,25,5
671a9c3d7b0fcf129fc11040,2024-11-26T00:00:00.000+00:00,05:00 PM - 07:00 PM,25,5
671a9c3d7b0fcf129fc11041,2024-11-26T00:00:00.000+00:00,05:00 PM - 07:00 PM,25,5
671a9c3d7b0fcf129fc11042,2024-11-26T00:00:00.000+00:00,05:00 PM - 07:00 PM,25,5
671a9c3d7b0fcf129fc11043,2024-11-26T00:00:00.000+00:00,05:00 PM - 07:00 PM,25,5
671a9c3d7b0fcf129fc11044,2024-11-26T00:00:00.000+00:00,05:00 PM - 07:00 PM,25,5
671a9c3d7b0fcf129fc11045,2024-11-26T00:00:00.000+00:00,05:00 PM - 07:00 PM,25,5
671a9c3d7b0fcf129fc11046,2024-11-26T00:00:00.000+00:00,05:00 PM - 07:00 PM,25,5
671a9c3d7b0fcf129fc11047,2024-11-26T00:00:00.000+00:00,05:00 PM - 07:00 PM,25,5
671a9c3d7b0fcf129fc11048,2024-11-26T00:00:00.000+00:00,05:00 PM - 07:00 PM,25,5
671a9c3d7b0fcf129fc11049,2024-11-26T00:00:00.000+00:00,05:00 PM - 07:00 PM,25,5
671a9c3d7b0fcf129fc1104a,2024-11-26T00:00:00.000+00:00,05:00 PM - 07:00 PM,25,5
671a9c3d7b0fcf129fc1104b,2024-11-26T00:00:00.000+00:00,05:00 PM - 07:00 PM,25,5
671a9c3d7b0fcf129fc1104c,2024-11-26T00:00:00.000+00:00,05:00 PM - 07:00 PM,25,5
671a9c3d7b0fcf129fc1104d,2024-11-26T00:00:00.000+00:00,05:00 PM - 07:00 PM,25,5
671a9c3d7b0fcf129fc1104e,2024-11-26T00:00:00.000+00:00,05:00 PM - 07:00 PM,25,5
671a9c3d7b0fcf129fc1104f,2024-11-26T00:00:00.000+00:00,05:00 PM - 07:00 PM,25,5
671a9c3d7b0fcf129fc11050,2024-11-26T00:00:00.000+00:00,05:00 PM - 07:00 PM,25,5
671a9c3d7b0fcf129fc11051,2024-11-26T00:00:00.000+00:00,05:00 PM - 07:00 PM,25,5
671a9c3d7b0fcf129fc11052,2024-11-26T00:00:00.000+00:00,05:00 PM - 07:00 PM,25,5
671a9c3d7b0fcf129fc11053,2024-11-26T00:00:00.000+00:00,05:00 PM - 07:00 PM,25,5
671a9c3d7b0fcf129fc11054,2024-11-26T00:00:00.000+00:00,05:00 PM - 07:00 PM,25,5
671a9c3d7b0fcf129fc11055,2024-11-26T00:00:00.000+00:00,05:00 PM - 07:00 PM,25,5
671a9c3d7b0fcf129fc11056,2024-11-26T00:00:00.000+00:00,05:00 PM - 07:00 PM,25,5
671a9c3d7b0fcf129fc11057,2024-11-26T00:00:00.000+00:00,05:00 PM - 07:00 PM,25,5
671a9c3d7b0fcf129fc11058,2024-11-26T00:00:00.000+00:00,05:00 PM - 07:00 PM,25,5
671a9c3d7b0fcf129fc11059,2024-11-26T00:00:00.000+00:00,05:00 PM - 07:00 PM,25,5
671a9c3d7b0fcf129fc1105a,2024-11-26T00:00:00.000+00:00,05:00 PM - 07:00 PM,25,5
671a9c3d7b0fcf129fc1105b,2024-11-26T00:00:00.000+00:00,05:00 PM - 07:00 PM,25,5
671a9c3d7b0fcf129fc1105c,2024-11-26T00:00:00.000+00:00,05:00 PM - 07:00 PM,25,5
671a9c3d7b0fcf129fc1105d,2024-11-26T00:00:00.000+00:00,05:00 PM - 07:00 PM,25,5
671a9c3d7b0fcf129fc1105e,2024-11-26T00:00:00.000+00:00,05:00 PM - 07:00 PM,25,5
671a9c3d7b0fcf129fc1105f,2024-11-26T00:00:00.000+00:00,05:00 PM - 07:00 PM,25,5
671a9c3d7b0fcf129fc11060,2024-11-26T00:00:00.000+00:00,05:00 PM - 07:00 PM,25,5
